<FontDefinition>
    <FontInfo name="Consolas" locale="en" numTextureSheets="1" cellPixelHeight="24"/>
    <Glyph ucsIndex="32" sheet="0" texCoordMins="0,0" texCoordMaxs="0.000976563,0.0234375" ttfA="0" ttfB="0.0416667" ttfC="0.416667"/>
    <Glyph ucsIndex="33" sheet="0" texCoordMins="0.0146484,0" texCoordMaxs="0.0175781,0.0234375" ttfA="0.166667" ttfB="0.125" ttfC="0.166667"/>
    <Glyph ucsIndex="34" sheet="0" texCoordMins="0.0234375,0" texCoordMaxs="0.0302734,0.0234375" ttfA="0.0833333" ttfB="0.291667" ttfC="0.0833333"/>
    <Glyph ucsIndex="35" sheet="0" texCoordMins="0.0322266,0" texCoordMaxs="0.0429688,0.0234375" ttfA="0" ttfB="0.458333" ttfC="0"/>
    <Glyph ucsIndex="36" sheet="0" texCoordMins="0.0439453,0" texCoordMaxs="0.0537109,0.0234375" ttfA="0.0416667" ttfB="0.416667" ttfC="0"/>
    <Glyph ucsIndex="37" sheet="0" texCoordMins="0.0537109,0" texCoordMaxs="0.0654297,0.0234375" ttfA="0" ttfB="0.5" ttfC="-0.0416667"/>
    <Glyph ucsIndex="38" sheet="0" texCoordMins="0.0644531,0" texCoordMaxs="0.0761719,0.0234375" ttfA="0" ttfB="0.5" ttfC="-0.0416667"/>
    <Glyph ucsIndex="39" sheet="0" texCoordMins="0.0791016,0" texCoordMaxs="0.0820313,0.0234375" ttfA="0.166667" ttfB="0.125" ttfC="0.166667"/>
    <Glyph ucsIndex="40" sheet="0" texCoordMins="0.0888672,0" texCoordMaxs="0.0947266,0.0234375" ttfA="0.125" ttfB="0.25" ttfC="0.0833333"/>
    <Glyph ucsIndex="41" sheet="0" texCoordMins="0.0986328,0" texCoordMaxs="0.105469,0.0234375" ttfA="0.0833333" ttfB="0.291667" ttfC="0.0833333"/>
    <Glyph ucsIndex="42" sheet="0" texCoordMins="0.108398,0" texCoordMaxs="0.117188,0.0234375" ttfA="0.0416667" ttfB="0.375" ttfC="0.0416667"/>
    <Glyph ucsIndex="43" sheet="0" texCoordMins="0.118164,0" texCoordMaxs="0.128906,0.0234375" ttfA="0" ttfB="0.458333" ttfC="0"/>
    <Glyph ucsIndex="44" sheet="0" texCoordMins="0.130859,0" texCoordMaxs="0.136719,0.0234375" ttfA="0.0833333" ttfB="0.25" ttfC="0.125"/>
    <Glyph ucsIndex="45" sheet="0" texCoordMins="0.141602,0" texCoordMaxs="0.148438,0.0234375" ttfA="0.0833333" ttfB="0.291667" ttfC="0.0833333"/>
    <Glyph ucsIndex="46" sheet="0" texCoordMins="0.154297,0" texCoordMaxs="0.158203,0.0234375" ttfA="0.166667" ttfB="0.166667" ttfC="0.125"/>
    <Glyph ucsIndex="47" sheet="0" texCoordMins="0.162109,0" texCoordMaxs="0.170898,0.0234375" ttfA="0.0416667" ttfB="0.375" ttfC="0.0416667"/>
    <Glyph ucsIndex="48" sheet="0" texCoordMins="0.172852,0" texCoordMaxs="0.182617,0.0234375" ttfA="0.0416667" ttfB="0.416667" ttfC="0"/>
    <Glyph ucsIndex="49" sheet="0" texCoordMins="0.183594,0" texCoordMaxs="0.193359,0.0234375" ttfA="0.0416667" ttfB="0.416667" ttfC="0"/>
    <Glyph ucsIndex="50" sheet="0" texCoordMins="0.194336,0" texCoordMaxs="0.204102,0.0234375" ttfA="0.0416667" ttfB="0.416667" ttfC="0"/>
    <Glyph ucsIndex="51" sheet="0" texCoordMins="0.205078,0" texCoordMaxs="0.213867,0.0234375" ttfA="0.0416667" ttfB="0.375" ttfC="0.0416667"/>
    <Glyph ucsIndex="52" sheet="0" texCoordMins="0.214844,0" texCoordMaxs="0.225586,0.0234375" ttfA="0" ttfB="0.458333" ttfC="0"/>
    <Glyph ucsIndex="53" sheet="0" texCoordMins="0.226563,0" texCoordMaxs="0.235352,0.0234375" ttfA="0.0416667" ttfB="0.375" ttfC="0.0416667"/>
    <Glyph ucsIndex="54" sheet="0" texCoordMins="0.237305,0" texCoordMaxs="0.24707,0.0234375" ttfA="0.0416667" ttfB="0.416667" ttfC="0"/>
    <Glyph ucsIndex="55" sheet="0" texCoordMins="0.248047,0" texCoordMaxs="0.257813,0.0234375" ttfA="0.0416667" ttfB="0.416667" ttfC="0"/>
    <Glyph ucsIndex="56" sheet="0" texCoordMins="0.258789,0" texCoordMaxs="0.268555,0.0234375" ttfA="0.0416667" ttfB="0.416667" ttfC="0"/>
    <Glyph ucsIndex="57" sheet="0" texCoordMins="0.269531,0" texCoordMaxs="0.279297,0.0234375" ttfA="0.0416667" ttfB="0.416667" ttfC="0"/>
    <Glyph ucsIndex="58" sheet="0" texCoordMins="0.283203,0" texCoordMaxs="0.287109,0.0234375" ttfA="0.166667" ttfB="0.166667" ttfC="0.125"/>
    <Glyph ucsIndex="59" sheet="0" texCoordMins="0.291992,0" texCoordMaxs="0.297852,0.0234375" ttfA="0.0833333" ttfB="0.25" ttfC="0.125"/>
    <Glyph ucsIndex="60" sheet="0" texCoordMins="0.301758,0" texCoordMaxs="0.310547,0.0234375" ttfA="0.0416667" ttfB="0.375" ttfC="0.0416667"/>
    <Glyph ucsIndex="61" sheet="0" texCoordMins="0.3125,0" texCoordMaxs="0.322266,0.0234375" ttfA="0.0416667" ttfB="0.416667" ttfC="0"/>
    <Glyph ucsIndex="62" sheet="0" texCoordMins="0.324219,0" texCoordMaxs="0.333008,0.0234375" ttfA="0.0833333" ttfB="0.375" ttfC="0"/>
    <Glyph ucsIndex="63" sheet="0" texCoordMins="0.335938,0" texCoordMaxs="0.342773,0.0234375" ttfA="0.125" ttfB="0.291667" ttfC="0.0416667"/>
    <Glyph ucsIndex="64" sheet="0" texCoordMins="0.34375,0" texCoordMaxs="0.355469,0.0234375" ttfA="0" ttfB="0.5" ttfC="-0.0416667"/>
    <Glyph ucsIndex="65" sheet="0" texCoordMins="0.354492,0" texCoordMaxs="0.366211,0.0234375" ttfA="0" ttfB="0.5" ttfC="-0.0416667"/>
    <Glyph ucsIndex="66" sheet="0" texCoordMins="0.366211,0" texCoordMaxs="0.375977,0.0234375" ttfA="0.0416667" ttfB="0.416667" ttfC="0"/>
    <Glyph ucsIndex="67" sheet="0" texCoordMins="0.376953,0" texCoordMaxs="0.386719,0.0234375" ttfA="0.0416667" ttfB="0.416667" ttfC="0"/>
    <Glyph ucsIndex="68" sheet="0" texCoordMins="0.387695,0" texCoordMaxs="0.397461,0.0234375" ttfA="0.0416667" ttfB="0.416667" ttfC="0"/>
    <Glyph ucsIndex="69" sheet="0" texCoordMins="0.399414,0" texCoordMaxs="0.407227,0.0234375" ttfA="0.0833333" ttfB="0.333333" ttfC="0.0416667"/>
    <Glyph ucsIndex="70" sheet="0" texCoordMins="0.410156,0" texCoordMaxs="0.417969,0.0234375" ttfA="0.0833333" ttfB="0.333333" ttfC="0.0416667"/>
    <Glyph ucsIndex="71" sheet="0" texCoordMins="0.418945,0" texCoordMaxs="0.429688,0.0234375" ttfA="0" ttfB="0.458333" ttfC="0"/>
    <Glyph ucsIndex="72" sheet="0" texCoordMins="0.430664,0" texCoordMaxs="0.44043,0.0234375" ttfA="0.0416667" ttfB="0.416667" ttfC="0"/>
    <Glyph ucsIndex="73" sheet="0" texCoordMins="0.441406,0" texCoordMaxs="0.450195,0.0234375" ttfA="0.0416667" ttfB="0.375" ttfC="0.0416667"/>
    <Glyph ucsIndex="74" sheet="0" texCoordMins="0.452148,0" texCoordMaxs="0.459961,0.0234375" ttfA="0.0416667" ttfB="0.333333" ttfC="0.0833333"/>
    <Glyph ucsIndex="75" sheet="0" texCoordMins="0.462891,0" texCoordMaxs="0.472656,0.0234375" ttfA="0.0416667" ttfB="0.416667" ttfC="0"/>
    <Glyph ucsIndex="76" sheet="0" texCoordMins="0.474609,0" texCoordMaxs="0.482422,0.0234375" ttfA="0.0833333" ttfB="0.333333" ttfC="0.0416667"/>
    <Glyph ucsIndex="77" sheet="0" texCoordMins="0.483398,0" texCoordMaxs="0.494141,0.0234375" ttfA="0" ttfB="0.458333" ttfC="0"/>
    <Glyph ucsIndex="78" sheet="0" texCoordMins="0.495117,0" texCoordMaxs="0.504883,0.0234375" ttfA="0.0416667" ttfB="0.416667" ttfC="0"/>
    <Glyph ucsIndex="79" sheet="0" texCoordMins="0.504883,0" texCoordMaxs="0.515625,0.0234375" ttfA="0" ttfB="0.458333" ttfC="0"/>
    <Glyph ucsIndex="80" sheet="0" texCoordMins="0.516602,0" texCoordMaxs="0.526367,0.0234375" ttfA="0.0416667" ttfB="0.416667" ttfC="0"/>
    <Glyph ucsIndex="81" sheet="0" texCoordMins="0.526367,0" texCoordMaxs="0.538086,0.0234375" ttfA="0" ttfB="0.5" ttfC="-0.0416667"/>
    <Glyph ucsIndex="82" sheet="0" texCoordMins="0.538086,0" texCoordMaxs="0.547852,0.0234375" ttfA="0.0416667" ttfB="0.416667" ttfC="0"/>
    <Glyph ucsIndex="83" sheet="0" texCoordMins="0.548828,0" texCoordMaxs="0.558594,0.0234375" ttfA="0.0416667" ttfB="0.416667" ttfC="0"/>
    <Glyph ucsIndex="84" sheet="0" texCoordMins="0.558594,0" texCoordMaxs="0.569336,0.0234375" ttfA="0" ttfB="0.458333" ttfC="0"/>
    <Glyph ucsIndex="85" sheet="0" texCoordMins="0.570313,0" texCoordMaxs="0.580078,0.0234375" ttfA="0.0416667" ttfB="0.416667" ttfC="0"/>
    <Glyph ucsIndex="86" sheet="0" texCoordMins="0.580078,0" texCoordMaxs="0.591797,0.0234375" ttfA="0" ttfB="0.5" ttfC="-0.0416667"/>
    <Glyph ucsIndex="87" sheet="0" texCoordMins="0.59082,0" texCoordMaxs="0.601563,0.0234375" ttfA="0" ttfB="0.458333" ttfC="0"/>
    <Glyph ucsIndex="88" sheet="0" texCoordMins="0.601563,0" texCoordMaxs="0.613281,0.0234375" ttfA="0" ttfB="0.5" ttfC="-0.0416667"/>
    <Glyph ucsIndex="89" sheet="0" texCoordMins="0.612305,0" texCoordMaxs="0.624023,0.0234375" ttfA="0" ttfB="0.5" ttfC="-0.0416667"/>
    <Glyph ucsIndex="90" sheet="0" texCoordMins="0.624023,0" texCoordMaxs="0.633789,0.0234375" ttfA="0.0416667" ttfB="0.416667" ttfC="0"/>
    <Glyph ucsIndex="91" sheet="0" texCoordMins="0.636719,0" texCoordMaxs="0.642578,0.0234375" ttfA="0.125" ttfB="0.25" ttfC="0.0833333"/>
    <Glyph ucsIndex="92" sheet="0" texCoordMins="0.645508,0" texCoordMaxs="0.655273,0.0234375" ttfA="0.0416667" ttfB="0.416667" ttfC="0"/>
    <Glyph ucsIndex="93" sheet="0" texCoordMins="0.658203,0" texCoordMaxs="0.663086,0.0234375" ttfA="0.125" ttfB="0.208333" ttfC="0.125"/>
    <Glyph ucsIndex="94" sheet="0" texCoordMins="0.666992,0" texCoordMaxs="0.676758,0.0234375" ttfA="0.0416667" ttfB="0.416667" ttfC="0"/>
    <Glyph ucsIndex="95" sheet="0" texCoordMins="0.676758,0" texCoordMaxs="0.688477,0.0234375" ttfA="0" ttfB="0.5" ttfC="-0.0416667"/>
    <Glyph ucsIndex="96" sheet="0" texCoordMins="0.688477,0" texCoordMaxs="0.694336,0.0234375" ttfA="0.0416667" ttfB="0.25" ttfC="0.166667"/>
    <Glyph ucsIndex="97" sheet="0" texCoordMins="0.699219,0" texCoordMaxs="0.708008,0.0234375" ttfA="0.0416667" ttfB="0.375" ttfC="0.0416667"/>
    <Glyph ucsIndex="98" sheet="0" texCoordMins="0.709961,0" texCoordMaxs="0.719727,0.0234375" ttfA="0.0416667" ttfB="0.416667" ttfC="0"/>
    <Glyph ucsIndex="99" sheet="0" texCoordMins="0.720703,0" texCoordMaxs="0.729492,0.0234375" ttfA="0.0416667" ttfB="0.375" ttfC="0.0416667"/>
    <Glyph ucsIndex="100" sheet="0" texCoordMins="0.731445,0" texCoordMaxs="0.740234,0.0234375" ttfA="0.0416667" ttfB="0.375" ttfC="0.0416667"/>
    <Glyph ucsIndex="101" sheet="0" texCoordMins="0.742188,0" texCoordMaxs="0.751953,0.0234375" ttfA="0.0416667" ttfB="0.416667" ttfC="0"/>
    <Glyph ucsIndex="102" sheet="0" texCoordMins="0.751953,0" texCoordMaxs="0.762695,0.0234375" ttfA="0" ttfB="0.458333" ttfC="0"/>
    <Glyph ucsIndex="103" sheet="0" texCoordMins="0.763672,0" texCoordMaxs="0.773438,0.0234375" ttfA="0.0416667" ttfB="0.416667" ttfC="0"/>
    <Glyph ucsIndex="104" sheet="0" texCoordMins="0.774414,0" texCoordMaxs="0.783203,0.0234375" ttfA="0.0416667" ttfB="0.375" ttfC="0.0416667"/>
    <Glyph ucsIndex="105" sheet="0" texCoordMins="0.785156,0" texCoordMaxs="0.793945,0.0234375" ttfA="0.0416667" ttfB="0.375" ttfC="0.0416667"/>
    <Glyph ucsIndex="106" sheet="0" texCoordMins="0.795898,0" texCoordMaxs="0.803711,0.0234375" ttfA="0.0416667" ttfB="0.333333" ttfC="0.0833333"/>
    <Glyph ucsIndex="107" sheet="0" texCoordMins="0.806641,0" texCoordMaxs="0.816406,0.0234375" ttfA="0.0416667" ttfB="0.416667" ttfC="0"/>
    <Glyph ucsIndex="108" sheet="0" texCoordMins="0.817383,0" texCoordMaxs="0.826172,0.0234375" ttfA="0.0416667" ttfB="0.375" ttfC="0.0416667"/>
    <Glyph ucsIndex="109" sheet="0" texCoordMins="0.828125,0" texCoordMaxs="0.837891,0.0234375" ttfA="0.0416667" ttfB="0.416667" ttfC="0"/>
    <Glyph ucsIndex="110" sheet="0" texCoordMins="0.838867,0" texCoordMaxs="0.847656,0.0234375" ttfA="0.0416667" ttfB="0.375" ttfC="0.0416667"/>
    <Glyph ucsIndex="111" sheet="0" texCoordMins="0.849609,0" texCoordMaxs="0.859375,0.0234375" ttfA="0.0416667" ttfB="0.416667" ttfC="0"/>
    <Glyph ucsIndex="112" sheet="0" texCoordMins="0.860352,0" texCoordMaxs="0.870117,0.0234375" ttfA="0.0416667" ttfB="0.416667" ttfC="0"/>
    <Glyph ucsIndex="113" sheet="0" texCoordMins="0.871094,0" texCoordMaxs="0.879883,0.0234375" ttfA="0.0416667" ttfB="0.375" ttfC="0.0416667"/>
    <Glyph ucsIndex="114" sheet="0" texCoordMins="0.882813,0" texCoordMaxs="0.891602,0.0234375" ttfA="0.0833333" ttfB="0.375" ttfC="0"/>
    <Glyph ucsIndex="115" sheet="0" texCoordMins="0.892578,0" texCoordMaxs="0.901367,0.0234375" ttfA="0.0416667" ttfB="0.375" ttfC="0.0416667"/>
    <Glyph ucsIndex="116" sheet="0" texCoordMins="0.902344,0" texCoordMaxs="0.912109,0.0234375" ttfA="0" ttfB="0.416667" ttfC="0.0416667"/>
    <Glyph ucsIndex="117" sheet="0" texCoordMins="0.914063,0" texCoordMaxs="0.922852,0.0234375" ttfA="0.0416667" ttfB="0.375" ttfC="0.0416667"/>
    <Glyph ucsIndex="118" sheet="0" texCoordMins="0.923828,0" texCoordMaxs="0.93457,0.0234375" ttfA="0" ttfB="0.458333" ttfC="0"/>
    <Glyph ucsIndex="119" sheet="0" texCoordMins="0.93457,0" texCoordMaxs="0.946289,0.0234375" ttfA="0" ttfB="0.5" ttfC="-0.0416667"/>
    <Glyph ucsIndex="120" sheet="0" texCoordMins="0.945313,0" texCoordMaxs="0.956055,0.0234375" ttfA="0" ttfB="0.458333" ttfC="0"/>
    <Glyph ucsIndex="121" sheet="0" texCoordMins="0.956055,0" texCoordMaxs="0.966797,0.0234375" ttfA="0" ttfB="0.458333" ttfC="0"/>
    <Glyph ucsIndex="122" sheet="0" texCoordMins="0.967773,0" texCoordMaxs="0.976563,0.0234375" ttfA="0.0416667" ttfB="0.375" ttfC="0.0416667"/>
    <Glyph ucsIndex="123" sheet="0" texCoordMins="0.978516,0" texCoordMaxs="0.987305,0.0234375" ttfA="0.0416667" ttfB="0.375" ttfC="0.0416667"/>
    <Glyph ucsIndex="124" sheet="0" texCoordMins="0.993164,0" texCoordMaxs="0.995117,0.0234375" ttfA="0.208333" ttfB="0.0833333" ttfC="0.166667"/>
    <Glyph ucsIndex="125" sheet="0" texCoordMins="0.00195313,0.0234375" texCoordMaxs="0.00976563,0.046875" ttfA="0.0833333" ttfB="0.333333" ttfC="0.0416667"/>
    <Glyph ucsIndex="126" sheet="0" texCoordMins="0.0107422,0.0234375" texCoordMaxs="0.0214844,0.046875" ttfA="0" ttfB="0.458333" ttfC="0"/>
    <Glyph ucsIndex="127" sheet="0" texCoordMins="0.0224609,0.0234375" texCoordMaxs="0.0322266,0.046875" ttfA="0.0416667" ttfB="0.416667" ttfC="0"/>
    <Glyph ucsIndex="128" sheet="0" texCoordMins="0.0322266,0.0234375" texCoordMaxs="0.0429688,0.046875" ttfA="0" ttfB="0.458333" ttfC="0"/>
    <Glyph ucsIndex="129" sheet="0" texCoordMins="0.0439453,0.0234375" texCoordMaxs="0.0537109,0.046875" ttfA="0.0416667" ttfB="0.416667" ttfC="0"/>
    <Glyph ucsIndex="130" sheet="0" texCoordMins="0.0556641,0.0234375" texCoordMaxs="0.0615234,0.046875" ttfA="0.0833333" ttfB="0.25" ttfC="0.125"/>
    <Glyph ucsIndex="131" sheet="0" texCoordMins="0.0644531,0.0234375" texCoordMaxs="0.0751953,0.046875" ttfA="0" ttfB="0.458333" ttfC="0"/>
    <Glyph ucsIndex="132" sheet="0" texCoordMins="0.0751953,0.0234375" texCoordMaxs="0.0859375,0.046875" ttfA="0" ttfB="0.458333" ttfC="0"/>
    <Glyph ucsIndex="133" sheet="0" texCoordMins="0.0859375,0.0234375" texCoordMaxs="0.0966797,0.046875" ttfA="0" ttfB="0.458333" ttfC="0"/>
    <Glyph ucsIndex="134" sheet="0" texCoordMins="0.0976563,0.0234375" texCoordMaxs="0.106445,0.046875" ttfA="0.0416667" ttfB="0.375" ttfC="0.0416667"/>
    <Glyph ucsIndex="135" sheet="0" texCoordMins="0.108398,0.0234375" texCoordMaxs="0.117188,0.046875" ttfA="0.0416667" ttfB="0.375" ttfC="0.0416667"/>
    <Glyph ucsIndex="136" sheet="0" texCoordMins="0.120117,0.0234375" texCoordMaxs="0.126953,0.046875" ttfA="0.0833333" ttfB="0.291667" ttfC="0.0833333"/>
    <Glyph ucsIndex="137" sheet="0" texCoordMins="0.128906,0.0234375" texCoordMaxs="0.140625,0.046875" ttfA="0" ttfB="0.5" ttfC="-0.0416667"/>
    <Glyph ucsIndex="138" sheet="0" texCoordMins="0.140625,0.0234375" texCoordMaxs="0.150391,0.046875" ttfA="0.0416667" ttfB="0.416667" ttfC="0"/>
    <Glyph ucsIndex="139" sheet="0" texCoordMins="0.15332,0.0234375" texCoordMaxs="0.158203,0.046875" ttfA="0.125" ttfB="0.208333" ttfC="0.125"/>
    <Glyph ucsIndex="140" sheet="0" texCoordMins="0.161133,0.0234375" texCoordMaxs="0.172852,0.046875" ttfA="0" ttfB="0.5" ttfC="-0.0416667"/>
    <Glyph ucsIndex="141" sheet="0" texCoordMins="0.172852,0.0234375" texCoordMaxs="0.182617,0.046875" ttfA="0.0416667" ttfB="0.416667" ttfC="0"/>
    <Glyph ucsIndex="142" sheet="0" texCoordMins="0.183594,0.0234375" texCoordMaxs="0.193359,0.046875" ttfA="0.0416667" ttfB="0.416667" ttfC="0"/>
    <Glyph ucsIndex="143" sheet="0" texCoordMins="0.194336,0.0234375" texCoordMaxs="0.204102,0.046875" ttfA="0.0416667" ttfB="0.416667" ttfC="0"/>
    <Glyph ucsIndex="144" sheet="0" texCoordMins="0.205078,0.0234375" texCoordMaxs="0.214844,0.046875" ttfA="0.0416667" ttfB="0.416667" ttfC="0"/>
    <Glyph ucsIndex="145" sheet="0" texCoordMins="0.21875,0.0234375" texCoordMaxs="0.223633,0.046875" ttfA="0.166667" ttfB="0.208333" ttfC="0.0833333"/>
    <Glyph ucsIndex="146" sheet="0" texCoordMins="0.227539,0.0234375" texCoordMaxs="0.233398,0.046875" ttfA="0.0833333" ttfB="0.25" ttfC="0.125"/>
    <Glyph ucsIndex="147" sheet="0" texCoordMins="0.237305,0.0234375" texCoordMaxs="0.24707,0.046875" ttfA="0.0416667" ttfB="0.416667" ttfC="0"/>
    <Glyph ucsIndex="148" sheet="0" texCoordMins="0.24707,0.0234375" texCoordMaxs="0.257813,0.046875" ttfA="0" ttfB="0.458333" ttfC="0"/>
    <Glyph ucsIndex="149" sheet="0" texCoordMins="0.259766,0.0234375" texCoordMaxs="0.266602,0.046875" ttfA="0.0833333" ttfB="0.291667" ttfC="0.0833333"/>
    <Glyph ucsIndex="150" sheet="0" texCoordMins="0.269531,0.0234375" texCoordMaxs="0.279297,0.046875" ttfA="0.0416667" ttfB="0.416667" ttfC="0"/>
    <Glyph ucsIndex="151" sheet="0" texCoordMins="0.279297,0.0234375" texCoordMaxs="0.291016,0.046875" ttfA="0" ttfB="0.5" ttfC="-0.0416667"/>
    <Glyph ucsIndex="152" sheet="0" texCoordMins="0.291992,0.0234375" texCoordMaxs="0.299805,0.046875" ttfA="0.0833333" ttfB="0.333333" ttfC="0.0416667"/>
    <Glyph ucsIndex="153" sheet="0" texCoordMins="0.300781,0.0234375" texCoordMaxs="0.3125,0.046875" ttfA="0" ttfB="0.5" ttfC="-0.0416667"/>
    <Glyph ucsIndex="154" sheet="0" texCoordMins="0.3125,0.0234375" texCoordMaxs="0.321289,0.046875" ttfA="0.0416667" ttfB="0.375" ttfC="0.0416667"/>
    <Glyph ucsIndex="155" sheet="0" texCoordMins="0.325195,0.0234375" texCoordMaxs="0.331055,0.046875" ttfA="0.125" ttfB="0.25" ttfC="0.0833333"/>
    <Glyph ucsIndex="156" sheet="0" texCoordMins="0.333008,0.0234375" texCoordMaxs="0.344727,0.046875" ttfA="0" ttfB="0.5" ttfC="-0.0416667"/>
    <Glyph ucsIndex="157" sheet="0" texCoordMins="0.344727,0.0234375" texCoordMaxs="0.354492,0.046875" ttfA="0.0416667" ttfB="0.416667" ttfC="0"/>
    <Glyph ucsIndex="158" sheet="0" texCoordMins="0.355469,0.0234375" texCoordMaxs="0.364258,0.046875" ttfA="0.0416667" ttfB="0.375" ttfC="0.0416667"/>
    <Glyph ucsIndex="159" sheet="0" texCoordMins="0.365234,0.0234375" texCoordMaxs="0.376953,0.046875" ttfA="0" ttfB="0.5" ttfC="-0.0416667"/>
    <Glyph ucsIndex="160" sheet="0" texCoordMins="0.375977,0.0234375" texCoordMaxs="0.376953,0.046875" ttfA="0" ttfB="0.0416667" ttfC="0.416667"/>
    <Glyph ucsIndex="161" sheet="0" texCoordMins="0.390625,0.0234375" texCoordMaxs="0.394531,0.046875" ttfA="0.166667" ttfB="0.166667" ttfC="0.125"/>
    <Glyph ucsIndex="162" sheet="0" texCoordMins="0.398438,0.0234375" texCoordMaxs="0.407227,0.046875" ttfA="0.0416667" ttfB="0.375" ttfC="0.0416667"/>
    <Glyph ucsIndex="163" sheet="0" texCoordMins="0.40918,0.0234375" texCoordMaxs="0.418945,0.046875" ttfA="0.0416667" ttfB="0.416667" ttfC="0"/>
    <Glyph ucsIndex="164" sheet="0" texCoordMins="0.418945,0.0234375" texCoordMaxs="0.429688,0.046875" ttfA="0" ttfB="0.458333" ttfC="0"/>
    <Glyph ucsIndex="165" sheet="0" texCoordMins="0.429688,0.0234375" texCoordMaxs="0.44043,0.046875" ttfA="0" ttfB="0.458333" ttfC="0"/>
    <Glyph ucsIndex="166" sheet="0" texCoordMins="0.445313,0.0234375" texCoordMaxs="0.447266,0.046875" ttfA="0.208333" ttfB="0.0833333" ttfC="0.166667"/>
    <Glyph ucsIndex="167" sheet="0" texCoordMins="0.452148,0.0234375" texCoordMaxs="0.461914,0.046875" ttfA="0.0416667" ttfB="0.416667" ttfC="0"/>
    <Glyph ucsIndex="168" sheet="0" texCoordMins="0.463867,0.0234375" texCoordMaxs="0.47168,0.046875" ttfA="0.0833333" ttfB="0.333333" ttfC="0.0416667"/>
    <Glyph ucsIndex="169" sheet="0" texCoordMins="0.472656,0.0234375" texCoordMaxs="0.484375,0.046875" ttfA="0" ttfB="0.5" ttfC="-0.0416667"/>
    <Glyph ucsIndex="170" sheet="0" texCoordMins="0.485352,0.0234375" texCoordMaxs="0.493164,0.046875" ttfA="0.0833333" ttfB="0.333333" ttfC="0.0416667"/>
    <Glyph ucsIndex="171" sheet="0" texCoordMins="0.495117,0.0234375" texCoordMaxs="0.503906,0.046875" ttfA="0.0416667" ttfB="0.375" ttfC="0.0416667"/>
    <Glyph ucsIndex="172" sheet="0" texCoordMins="0.505859,0.0234375" texCoordMaxs="0.514648,0.046875" ttfA="0.0416667" ttfB="0.375" ttfC="0.0416667"/>
    <Glyph ucsIndex="173" sheet="0" texCoordMins="0.517578,0.0234375" texCoordMaxs="0.524414,0.046875" ttfA="0.0833333" ttfB="0.291667" ttfC="0.0833333"/>
    <Glyph ucsIndex="174" sheet="0" texCoordMins="0.527344,0.0234375" texCoordMaxs="0.537109,0.046875" ttfA="0.0416667" ttfB="0.416667" ttfC="0"/>
    <Glyph ucsIndex="175" sheet="0" texCoordMins="0.540039,0.0234375" texCoordMaxs="0.545898,0.046875" ttfA="0.125" ttfB="0.25" ttfC="0.0833333"/>
    <Glyph ucsIndex="176" sheet="0" texCoordMins="0.549805,0.0234375" texCoordMaxs="0.557617,0.046875" ttfA="0.0833333" ttfB="0.333333" ttfC="0.0416667"/>
    <Glyph ucsIndex="177" sheet="0" texCoordMins="0.55957,0.0234375" texCoordMaxs="0.569336,0.046875" ttfA="0.0416667" ttfB="0.416667" ttfC="0"/>
    <Glyph ucsIndex="178" sheet="0" texCoordMins="0.571289,0.0234375" texCoordMaxs="0.578125,0.046875" ttfA="0.0833333" ttfB="0.291667" ttfC="0.0833333"/>
    <Glyph ucsIndex="179" sheet="0" texCoordMins="0.582031,0.0234375" texCoordMaxs="0.588867,0.046875" ttfA="0.0833333" ttfB="0.291667" ttfC="0.0833333"/>
    <Glyph ucsIndex="180" sheet="0" texCoordMins="0.594727,0.0234375" texCoordMaxs="0.600586,0.046875" ttfA="0.166667" ttfB="0.25" ttfC="0.0416667"/>
    <Glyph ucsIndex="181" sheet="0" texCoordMins="0.602539,0.0234375" texCoordMaxs="0.612305,0.046875" ttfA="0.0416667" ttfB="0.416667" ttfC="0"/>
    <Glyph ucsIndex="182" sheet="0" texCoordMins="0.613281,0.0234375" texCoordMaxs="0.623047,0.046875" ttfA="0.0416667" ttfB="0.416667" ttfC="0"/>
    <Glyph ucsIndex="183" sheet="0" texCoordMins="0.626953,0.0234375" texCoordMaxs="0.630859,0.046875" ttfA="0.166667" ttfB="0.166667" ttfC="0.125"/>
    <Glyph ucsIndex="184" sheet="0" texCoordMins="0.637695,0.0234375" texCoordMaxs="0.640625,0.046875" ttfA="0.166667" ttfB="0.125" ttfC="0.166667"/>
    <Glyph ucsIndex="185" sheet="0" texCoordMins="0.646484,0.0234375" texCoordMaxs="0.65332,0.046875" ttfA="0.0833333" ttfB="0.291667" ttfC="0.0833333"/>
    <Glyph ucsIndex="186" sheet="0" texCoordMins="0.657227,0.0234375" texCoordMaxs="0.665039,0.046875" ttfA="0.0833333" ttfB="0.333333" ttfC="0.0416667"/>
    <Glyph ucsIndex="187" sheet="0" texCoordMins="0.666992,0.0234375" texCoordMaxs="0.675781,0.046875" ttfA="0.0416667" ttfB="0.375" ttfC="0.0416667"/>
    <Glyph ucsIndex="188" sheet="0" texCoordMins="0.676758,0.0234375" texCoordMaxs="0.688477,0.046875" ttfA="0" ttfB="0.5" ttfC="-0.0416667"/>
    <Glyph ucsIndex="189" sheet="0" texCoordMins="0.6875,0.0234375" texCoordMaxs="0.699219,0.046875" ttfA="0" ttfB="0.5" ttfC="-0.0416667"/>
    <Glyph ucsIndex="190" sheet="0" texCoordMins="0.698242,0.0234375" texCoordMaxs="0.709961,0.046875" ttfA="0" ttfB="0.5" ttfC="-0.0416667"/>
    <Glyph ucsIndex="191" sheet="0" texCoordMins="0.710938,0.0234375" texCoordMaxs="0.717773,0.046875" ttfA="0.0833333" ttfB="0.291667" ttfC="0.0833333"/>
    <Glyph ucsIndex="192" sheet="0" texCoordMins="0.719727,0.0234375" texCoordMaxs="0.731445,0.046875" ttfA="0" ttfB="0.5" ttfC="-0.0416667"/>
    <Glyph ucsIndex="193" sheet="0" texCoordMins="0.730469,0.0234375" texCoordMaxs="0.742188,0.046875" ttfA="0" ttfB="0.5" ttfC="-0.0416667"/>
    <Glyph ucsIndex="194" sheet="0" texCoordMins="0.741211,0.0234375" texCoordMaxs="0.75293,0.046875" ttfA="0" ttfB="0.5" ttfC="-0.0416667"/>
    <Glyph ucsIndex="195" sheet="0" texCoordMins="0.751953,0.0234375" texCoordMaxs="0.763672,0.046875" ttfA="0" ttfB="0.5" ttfC="-0.0416667"/>
    <Glyph ucsIndex="196" sheet="0" texCoordMins="0.762695,0.0234375" texCoordMaxs="0.774414,0.046875" ttfA="0" ttfB="0.5" ttfC="-0.0416667"/>
    <Glyph ucsIndex="197" sheet="0" texCoordMins="0.773438,0.0234375" texCoordMaxs="0.785156,0.046875" ttfA="0" ttfB="0.5" ttfC="-0.0416667"/>
    <Glyph ucsIndex="198" sheet="0" texCoordMins="0.783203,0.0234375" texCoordMaxs="0.795898,0.046875" ttfA="-0.0416667" ttfB="0.541667" ttfC="-0.0416667"/>
    <Glyph ucsIndex="199" sheet="0" texCoordMins="0.795898,0.0234375" texCoordMaxs="0.805664,0.046875" ttfA="0.0416667" ttfB="0.416667" ttfC="0"/>
    <Glyph ucsIndex="200" sheet="0" texCoordMins="0.807617,0.0234375" texCoordMaxs="0.81543,0.046875" ttfA="0.0833333" ttfB="0.333333" ttfC="0.0416667"/>
    <Glyph ucsIndex="201" sheet="0" texCoordMins="0.818359,0.0234375" texCoordMaxs="0.826172,0.046875" ttfA="0.0833333" ttfB="0.333333" ttfC="0.0416667"/>
    <Glyph ucsIndex="202" sheet="0" texCoordMins="0.829102,0.0234375" texCoordMaxs="0.836914,0.046875" ttfA="0.0833333" ttfB="0.333333" ttfC="0.0416667"/>
    <Glyph ucsIndex="203" sheet="0" texCoordMins="0.839844,0.0234375" texCoordMaxs="0.847656,0.046875" ttfA="0.0833333" ttfB="0.333333" ttfC="0.0416667"/>
    <Glyph ucsIndex="204" sheet="0" texCoordMins="0.849609,0.0234375" texCoordMaxs="0.858398,0.046875" ttfA="0.0416667" ttfB="0.375" ttfC="0.0416667"/>
    <Glyph ucsIndex="205" sheet="0" texCoordMins="0.860352,0.0234375" texCoordMaxs="0.869141,0.046875" ttfA="0.0416667" ttfB="0.375" ttfC="0.0416667"/>
    <Glyph ucsIndex="206" sheet="0" texCoordMins="0.871094,0.0234375" texCoordMaxs="0.879883,0.046875" ttfA="0.0416667" ttfB="0.375" ttfC="0.0416667"/>
    <Glyph ucsIndex="207" sheet="0" texCoordMins="0.881836,0.0234375" texCoordMaxs="0.890625,0.046875" ttfA="0.0416667" ttfB="0.375" ttfC="0.0416667"/>
    <Glyph ucsIndex="208" sheet="0" texCoordMins="0.891602,0.0234375" texCoordMaxs="0.902344,0.046875" ttfA="0" ttfB="0.458333" ttfC="0"/>
    <Glyph ucsIndex="209" sheet="0" texCoordMins="0.90332,0.0234375" texCoordMaxs="0.913086,0.046875" ttfA="0.0416667" ttfB="0.416667" ttfC="0"/>
    <Glyph ucsIndex="210" sheet="0" texCoordMins="0.913086,0.0234375" texCoordMaxs="0.923828,0.046875" ttfA="0" ttfB="0.458333" ttfC="0"/>
    <Glyph ucsIndex="211" sheet="0" texCoordMins="0.923828,0.0234375" texCoordMaxs="0.93457,0.046875" ttfA="0" ttfB="0.458333" ttfC="0"/>
    <Glyph ucsIndex="212" sheet="0" texCoordMins="0.93457,0.0234375" texCoordMaxs="0.945313,0.046875" ttfA="0" ttfB="0.458333" ttfC="0"/>
    <Glyph ucsIndex="213" sheet="0" texCoordMins="0.945313,0.0234375" texCoordMaxs="0.956055,0.046875" ttfA="0" ttfB="0.458333" ttfC="0"/>
    <Glyph ucsIndex="214" sheet="0" texCoordMins="0.956055,0.0234375" texCoordMaxs="0.966797,0.046875" ttfA="0" ttfB="0.458333" ttfC="0"/>
    <Glyph ucsIndex="215" sheet="0" texCoordMins="0.967773,0.0234375" texCoordMaxs="0.976563,0.046875" ttfA="0.0416667" ttfB="0.375" ttfC="0.0416667"/>
    <Glyph ucsIndex="216" sheet="0" texCoordMins="0.977539,0.0234375" texCoordMaxs="0.988281,0.046875" ttfA="0" ttfB="0.458333" ttfC="0"/>
    <Glyph ucsIndex="217" sheet="0" texCoordMins="0.989258,0.0234375" texCoordMaxs="0.999023,0.046875" ttfA="0.0416667" ttfB="0.416667" ttfC="0"/>
    <Glyph ucsIndex="218" sheet="0" texCoordMins="0.000976563,0.046875" texCoordMaxs="0.0107422,0.0703125" ttfA="0.0416667" ttfB="0.416667" ttfC="0"/>
    <Glyph ucsIndex="219" sheet="0" texCoordMins="0.0117188,0.046875" texCoordMaxs="0.0214844,0.0703125" ttfA="0.0416667" ttfB="0.416667" ttfC="0"/>
    <Glyph ucsIndex="220" sheet="0" texCoordMins="0.0224609,0.046875" texCoordMaxs="0.0322266,0.0703125" ttfA="0.0416667" ttfB="0.416667" ttfC="0"/>
    <Glyph ucsIndex="221" sheet="0" texCoordMins="0.0322266,0.046875" texCoordMaxs="0.0439453,0.0703125" ttfA="0" ttfB="0.5" ttfC="-0.0416667"/>
    <Glyph ucsIndex="222" sheet="0" texCoordMins="0.0439453,0.046875" texCoordMaxs="0.0537109,0.0703125" ttfA="0.0416667" ttfB="0.416667" ttfC="0"/>
    <Glyph ucsIndex="223" sheet="0" texCoordMins="0.0546875,0.046875" texCoordMaxs="0.0644531,0.0703125" ttfA="0.0416667" ttfB="0.416667" ttfC="0"/>
    <Glyph ucsIndex="224" sheet="0" texCoordMins="0.0654297,0.046875" texCoordMaxs="0.0742188,0.0703125" ttfA="0.0416667" ttfB="0.375" ttfC="0.0416667"/>
    <Glyph ucsIndex="225" sheet="0" texCoordMins="0.0761719,0.046875" texCoordMaxs="0.0849609,0.0703125" ttfA="0.0416667" ttfB="0.375" ttfC="0.0416667"/>
    <Glyph ucsIndex="226" sheet="0" texCoordMins="0.0869141,0.046875" texCoordMaxs="0.0957031,0.0703125" ttfA="0.0416667" ttfB="0.375" ttfC="0.0416667"/>
    <Glyph ucsIndex="227" sheet="0" texCoordMins="0.0976563,0.046875" texCoordMaxs="0.106445,0.0703125" ttfA="0.0416667" ttfB="0.375" ttfC="0.0416667"/>
    <Glyph ucsIndex="228" sheet="0" texCoordMins="0.108398,0.046875" texCoordMaxs="0.117188,0.0703125" ttfA="0.0416667" ttfB="0.375" ttfC="0.0416667"/>
    <Glyph ucsIndex="229" sheet="0" texCoordMins="0.119141,0.046875" texCoordMaxs="0.12793,0.0703125" ttfA="0.0416667" ttfB="0.375" ttfC="0.0416667"/>
    <Glyph ucsIndex="230" sheet="0" texCoordMins="0.128906,0.046875" texCoordMaxs="0.140625,0.0703125" ttfA="0" ttfB="0.5" ttfC="-0.0416667"/>
    <Glyph ucsIndex="231" sheet="0" texCoordMins="0.140625,0.046875" texCoordMaxs="0.149414,0.0703125" ttfA="0.0416667" ttfB="0.375" ttfC="0.0416667"/>
    <Glyph ucsIndex="232" sheet="0" texCoordMins="0.151367,0.046875" texCoordMaxs="0.161133,0.0703125" ttfA="0.0416667" ttfB="0.416667" ttfC="0"/>
    <Glyph ucsIndex="233" sheet="0" texCoordMins="0.162109,0.046875" texCoordMaxs="0.171875,0.0703125" ttfA="0.0416667" ttfB="0.416667" ttfC="0"/>
    <Glyph ucsIndex="234" sheet="0" texCoordMins="0.172852,0.046875" texCoordMaxs="0.182617,0.0703125" ttfA="0.0416667" ttfB="0.416667" ttfC="0"/>
    <Glyph ucsIndex="235" sheet="0" texCoordMins="0.183594,0.046875" texCoordMaxs="0.193359,0.0703125" ttfA="0.0416667" ttfB="0.416667" ttfC="0"/>
    <Glyph ucsIndex="236" sheet="0" texCoordMins="0.194336,0.046875" texCoordMaxs="0.203125,0.0703125" ttfA="0.0416667" ttfB="0.375" ttfC="0.0416667"/>
    <Glyph ucsIndex="237" sheet="0" texCoordMins="0.205078,0.046875" texCoordMaxs="0.213867,0.0703125" ttfA="0.0416667" ttfB="0.375" ttfC="0.0416667"/>
    <Glyph ucsIndex="238" sheet="0" texCoordMins="0.21582,0.046875" texCoordMaxs="0.224609,0.0703125" ttfA="0.0416667" ttfB="0.375" ttfC="0.0416667"/>
    <Glyph ucsIndex="239" sheet="0" texCoordMins="0.226563,0.046875" texCoordMaxs="0.235352,0.0703125" ttfA="0.0416667" ttfB="0.375" ttfC="0.0416667"/>
    <Glyph ucsIndex="240" sheet="0" texCoordMins="0.237305,0.046875" texCoordMaxs="0.24707,0.0703125" ttfA="0.0416667" ttfB="0.416667" ttfC="0"/>
    <Glyph ucsIndex="241" sheet="0" texCoordMins="0.248047,0.046875" texCoordMaxs="0.256836,0.0703125" ttfA="0.0416667" ttfB="0.375" ttfC="0.0416667"/>
    <Glyph ucsIndex="242" sheet="0" texCoordMins="0.258789,0.046875" texCoordMaxs="0.268555,0.0703125" ttfA="0.0416667" ttfB="0.416667" ttfC="0"/>
    <Glyph ucsIndex="243" sheet="0" texCoordMins="0.269531,0.046875" texCoordMaxs="0.279297,0.0703125" ttfA="0.0416667" ttfB="0.416667" ttfC="0"/>
    <Glyph ucsIndex="244" sheet="0" texCoordMins="0.280273,0.046875" texCoordMaxs="0.290039,0.0703125" ttfA="0.0416667" ttfB="0.416667" ttfC="0"/>
    <Glyph ucsIndex="245" sheet="0" texCoordMins="0.291016,0.046875" texCoordMaxs="0.300781,0.0703125" ttfA="0.0416667" ttfB="0.416667" ttfC="0"/>
    <Glyph ucsIndex="246" sheet="0" texCoordMins="0.301758,0.046875" texCoordMaxs="0.311523,0.0703125" ttfA="0.0416667" ttfB="0.416667" ttfC="0"/>
    <Glyph ucsIndex="247" sheet="0" texCoordMins="0.311523,0.046875" texCoordMaxs="0.322266,0.0703125" ttfA="0" ttfB="0.458333" ttfC="0"/>
    <Glyph ucsIndex="248" sheet="0" texCoordMins="0.323242,0.046875" texCoordMaxs="0.333008,0.0703125" ttfA="0.0416667" ttfB="0.416667" ttfC="0"/>
    <Glyph ucsIndex="249" sheet="0" texCoordMins="0.333984,0.046875" texCoordMaxs="0.342773,0.0703125" ttfA="0.0416667" ttfB="0.375" ttfC="0.0416667"/>
    <Glyph ucsIndex="250" sheet="0" texCoordMins="0.344727,0.046875" texCoordMaxs="0.353516,0.0703125" ttfA="0.0416667" ttfB="0.375" ttfC="0.0416667"/>
    <Glyph ucsIndex="251" sheet="0" texCoordMins="0.355469,0.046875" texCoordMaxs="0.364258,0.0703125" ttfA="0.0416667" ttfB="0.375" ttfC="0.0416667"/>
    <Glyph ucsIndex="252" sheet="0" texCoordMins="0.366211,0.046875" texCoordMaxs="0.375,0.0703125" ttfA="0.0416667" ttfB="0.375" ttfC="0.0416667"/>
    <Glyph ucsIndex="253" sheet="0" texCoordMins="0.375977,0.046875" texCoordMaxs="0.386719,0.0703125" ttfA="0" ttfB="0.458333" ttfC="0"/>
    <Glyph ucsIndex="254" sheet="0" texCoordMins="0.387695,0.046875" texCoordMaxs="0.397461,0.0703125" ttfA="0.0416667" ttfB="0.416667" ttfC="0"/>
</FontDefinition>
